X,Y,ANNO,DESCRIZIO,NOTE,ID,LINK,X_COORD,Y_COORD,anno_n,icon_url
12.3383343110825,45.4340973215873,"2016",Carnevale di Venezia 2016,,,https://www.youtube.com/watch?v=P616Gn1Dorc,,,"2016",./0.png
12.3386590666736,45.4343289419191,"2016",Fotografie di sabato 06.02.2016,,,https://www.youtube.com/watch?v=gFO3A19HTCw,,,"2016",./0.png
12.3386939178459,45.433970253003,"2016",Venice Carnival 2016 - The best masks - Fotografie Giovedì grasso - Venezia - by Giovanni Rosin,,,https://www.youtube.com/watch?v=zk59_QanS7k,,,"2016",./0.png
12.3388681737077,45.4344512217102,"2016",Venice Carnival 2016 - The best masks - Giovedì grasso - Carnevale di Venezia - by Giovanni Rosin,,,https://www.youtube.com/watch?v=WSolKVGvkkU,,,"2016",./0.png
12.3382640867202,45.4342881819298,"2016",Venezia - Taglio della testa del Toro - 04.02.2016 - by Giovanni Rosin - John,,,https://www.youtube.com/watch?v=GNBYB8NiilM,,,"2016",./0.png
12.466364879297,41.9025852285207,"2016",Roma 17 gennaio 2016 - by Giovanni Rosin - John,,,https://www.youtube.com/watch?v=WnwbUxym93w,,,"2016",./0.png
12.479849249621,41.8854235303172,"2016","Roma, mattina 18 gennaio 2016 - Giovanni Rosin - John",,,https://www.youtube.com/watch?v=FyL0OdkXLKI,,,"2016",./0.png
12.504769972777,41.8866170874271,"2016","Roma, pomeriggio 18 gennaio 2016 - by Giovanni Rosin - John",,,https://www.youtube.com/watch?v=CdzsqpbnSAg,,,"2016",./0.png
12.4861022683191,41.9128289140859,"2016",Galleria Borghese a Roma - 19.01.2016 - by Giovanni Rosin - John,,,https://www.youtube.com/watch?v=Ls0aTNllclU,,,"2016",./0.png
12.502317761425,41.9187690524754,"2016",Roma tour 19.01.2016 e quartiere Coppedè - by Giovanni Rosin - John,,,https://www.youtube.com/watch?v=lrpKbiYhSDE,,,"2016",./0.png
12.4730759771584,41.899217811892,"2016",Roma 19.012016 - pomeriggio e serata - by Giovanni Rosin - John,,,https://www.youtube.com/watch?v=bdJcOpq5eDE,,,"2016",./0.png
12.455315842469,41.9022502775165,"2016",Roma 20 gennaio 2016 - by Giovanni Rosin - John,,,https://www.youtube.com/watch?v=Y34zk4dK3Yk,,,"2016",./0.png
12.4547482245277,41.9007152858262,"2016",Udienza Generale di Papa Francesco - 20.01.2016 - by Giovanni Rosin - John,,,https://www.youtube.com/watch?v=wU5x_KIWbEU,,,"2016",./0.png
11.2553715151767,43.772741749414,"2016",Firenze - Cavalcata dei Magi - 06.01.2016 - by Giovanni Rosin - John,,,https://www.youtube.com/watch?v=NY1BNenIREs,,,"2016",./0.png
11.2531830326697,43.7681282466106,"2016",Firenze 06.01.2016 - by Giovanni Rosin - John,,,https://www.youtube.com/watch?v=sPLrVUYgSe8,,,"2016",./0.png
10.2320313935931,43.9573243889061,"2016",Pietrasanta - 05.01.2016 - by Giovanni Rosin - John LL,,,https://www.youtube.com/watch?v=YvoTkTJ96us,,,"2016",./0.png
10.1674429174788,43.958012564441,"2016",Forte dei Marmi - 05.01.2016 - by Giovanni Rosin - John,,,https://www.youtube.com/watch?v=9KOHYwCpx4g,,,"2016",./0.png
10.7709592363345,43.883213312415,"2016",Montecatini Terme - 05.01.2016 - by Giovanni Rosin - John,,,https://www.youtube.com/watch?v=oOtnu39Glec,,,"2016",./0.png
12.1356717876015,45.9685178856852,"2015",Cison di Valmarino e Castelbrando - 20.12.2015 - by Giovanni Rosin - John,,,https://youtu.be/f6jsC1DSYBM,,,"2015",./0.png
12.1181630948015,45.9539553077887,"2015",Follina - 20 dicembre 2015 - by Giovanni Rosin - John,,,https://youtu.be/g9bqEOEJBTc,,,"2015",./0.png
12.4060583366743,46.0455605270069,"2015",Pian del Cansiglio,,,https://youtu.be/3EZRncxfLM8,,,"2015",./0.png
12.3380381212186,46.0012878836094,"2015",Grotte Caglieron,,,https://youtu.be/3EZRncxfLM8,,,"2015",./0.png
12.2900924855391,45.9992179683389,"2015",Serravalle,,,https://youtu.be/3EZRncxfLM8,,,"2015",./0.png
12.6458762672174,45.5062865349679,"2015",Fotografie Sand Nativity 2015 - Jesolo - by Giovanni Rosin - John,,,https://youtu.be/XBGgHDlhRWc,,,"2015",./0.png
12.6457805315165,45.5062949217857,"2015",Sand Nativity Jesolo 2015 x smartphone - by Giovanni Rosin - John,,,https://youtu.be/Cn012pwxLDc,,,"2015",./0.png
12.334699338577,45.4307797568296,"2015",Festa della Madonna della Salute 2015,,,https://youtu.be/CFpBg77mUh4,,,"2015",./0.png
12.2457010377096,45.6658328857503,"2015",Treviso Natalizia - 06 dicembre 2015 - by Giovanni Rosin - John,,,https://youtu.be/eFAf7XNxq_s,,,"2015",./0.png
13.3230687306531,45.86070204788,"2015","Strassoldo - Frutti, Acque e Castelli - Autunno 2015 - by Giovanni Rosin -  John",,,https://youtu.be/KeNM788FLZE,,,"2015",./0.png
12.6305106872315,45.5023697545243,"2015",da Jesolo ... Viva l'Italia,,,https://youtu.be/zIjGHV_zhfw,,,"2015",./0.png
12.6509861602497,45.504860757785,"2015",... Jesolo ... bassa marea 28.11.2015 - by Giovanni Rosin - John,,,https://youtu.be/yS6gKg7Q7eI,,,"2015",./0.png
12.3459363164637,45.4316447504507,"2015",Venezia in un minuto - 22.11.2015  - by Giovanni Rosin - John,,,https://youtu.be/VGY1VcoULPM,,,"2015",./0.png
24.9336252682372,54.6522646970028,"2015",13 ottobre - Vilnius - Trakai - by Giovanni Rosin - John,,,https://youtu.be/G-PV_8TN3Jo,,,"2015",./0.png
25.2802483377859,54.6432010413175,"2015","Vilnius - Venezia, 14 ottobre 2015 - by Giovanni Rosin - John",,,https://youtu.be/Dt8mkqnomaE,,,"2015",./0.png
23.8866596474389,54.8966812926786,"2015",Kaunas,,,https://youtu.be/t9et4jixjuY,,,"2015",./0.png
23.4138090542359,56.0151479866385,"2015",Collina delle Croci,,,https://youtu.be/t9et4jixjuY,,,"2015",./0.png
25.2872460190076,54.6786253964429,"2015",Escursione serale di primo contatto della bellissima Vilnius,,,https://youtu.be/t9et4jixjuY,,,"2015",./0.png
24.0254375192656,56.4138719299439,"2015",Palazzo di Rundale 11 ottobre 2015,,,https://youtu.be/J3LheR0yNJE,,,"2015",./0.png
24.117816486316,56.9549415184156,"2015",Riga. Vista della Città al tramonto dal Bar dell'Hotel Radisson,,,https://youtu.be/J3LheR0yNJE,,,"2015",./0.png
24.1154350607692,56.9536233308301,"2015","Lettonia, Riga - 10 ottobre 2015 - by Giovanni Rosin - John",,,https://youtu.be/pkWoM0Ij9Og,,,"2015",./0.png
24.4923082853324,58.3766026504538,"2015",Parnu,,,https://youtu.be/VaVvss-r2OM,,,"2015",./0.png
24.847419929172,57.186724861904,"2015",Sigulda e Parco Gauja,,,https://youtu.be/VaVvss-r2OM,,,"2015",./0.png
24.7579397648845,59.4304182999095,"2015","Estonia, Tallinn - 8 ottobre 2015 - by Giovanni Rosin - John",,,https://youtu.be/wCVentQACPg,,,"2015",./0.png
24.7454950896919,59.4374101035267,"2015","Estonia, Tallinn - 7 ottobre 2015 - by Giovanni Rosin - John",,,https://youtu.be/TVA2Oa7qYUY,,,"2015",./0.png
24.8017954077455,59.4162894496524,"2015",Francoforte - Tallinn - 7 ottobre 2015 - by Giovanni Rosin - John,,,https://youtu.be/OlkDuBkfy1c,,,"2015",./0.png
8.57293824593898,50.047708650936,"2015",Francoforte - Tallinn - 7 ottobre 2015 - by Giovanni Rosin - John,,,https://youtu.be/OlkDuBkfy1c,,,"2015",./0.png
12.3397210489175,45.433560067882,"2015",VENEZIA,,,https://www.youtube.com/playlist?list=PLaALU19-ihKQfg_80gAIoY_4pOUI4BuDI,,,"2015",./0.png
12.3542662891444,45.4527866455218,"2015",LE ISOLE DELLA LAGUNA DI VENEZIA,,,https://www.youtube.com/playlist?list=PLaALU19-ihKR6WPUJeRH0I83Diuwb-Q5Z,,,"2015",./0.png
12.4176448345133,45.4855918971349,"2015",LE ISOLE DELLA LAGUNA DI VENEZIA,,,https://www.youtube.com/playlist?list=PLaALU19-ihKR6WPUJeRH0I83Diuwb-Q5Z,,,"2015",./0.png
12.4184204740431,45.49841159666,"2015",LE ISOLE DELLA LAGUNA DI VENEZIA,,,https://www.youtube.com/playlist?list=PLaALU19-ihKR6WPUJeRH0I83Diuwb-Q5Z,,,"2015",./0.png
12.6414808086679,45.5263195205901,"2015","MUSEO STORICO MILITARE VIDOTTO ""CASA DEL BERSAGLIERE"" - JESOLO",,,https://www.youtube.com/playlist?list=PLaALU19-ihKQePWlcWRSECyKNmC4pj36k,,,"2015",./0.png
11.930459268312,46.6981716467193,"2009",San Vigilio di Marebbe,,,https://www.youtube.com/playlist?list=PLaALU19-ihKRsYvpWxcj4ArYHCV2Li5Qu,,,"2009",./0.png
14.5104031332064,35.8971803261614,"2010",MALTA,,,https://www.youtube.com/playlist?list=PLaALU19-ihKR08bmfwuMW_RVwsQSbc4es,,,"2010",./0.png
10.9933402144411,45.4392412012448,"2015",VERONA,,,https://www.youtube.com/playlist?list=PLaALU19-ihKQVhTeZhcBFDoPaNRKClaLH,,,"2015",./0.png
15.0161702675894,37.4485381913119,"2014",Volo Venezia Catania - by Giovanni Rosin - John,,,https://youtu.be/cIbvZq2N9W8,,,"2014",./0.png
15.0871893156405,37.5024977509683,"2014",Catania - by Giovanni Rosin - John,,,https://youtu.be/4S0LkaNtWR0,,,"2014",./0.png
15.15336170386,37.5604758417317,"2014",Riviera dei Ciclopi - by Giovanni Rosin - John,,,https://youtu.be/KPZdDTPfHSk,,,"2014",./0.png
14.9987109180472,37.7001192468828,"2014",Etna - 19 ottobre 2014 - by Giovanni Rosin - John,,,https://youtu.be/QXOript9QOU,,,"2014",./0.png
15.2923982831332,37.8525236431402,"2014",Taormina - by Giovanni Rosin - John,,,https://youtu.be/3HjYDEwNp90,,,"2014",./0.png
15.285510591779,37.074042545683,"2014",Santuario Madonna Lacrime - Siracusa - by Giovanni Rosin - John,,,https://youtu.be/Xn-uFJMqOAs,,,"2014",./0.png
15.2751158650209,37.0758726409093,"2014",Siracusa - by Giovanni Rosin - John,,,https://youtu.be/KKQhkW6vzI8,,,"2014",./0.png
15.2931755179527,37.0593951512406,"2014",Isola di Ortigia - by Giovanni Rosin - John,,,https://youtu.be/tKHr04Q8hKo,,,"2014",./0.png
15.0711659548719,36.8876223520866,"2014",Noto - by Giovanni Rosin - John,,,https://youtu.be/3J5Pp8HuSvA,,,"2014",./0.png
14.3342904099507,37.3646142282883,"2014",Piazza Armerina - by Giovanni Rosin - John,,,https://youtu.be/xVP63v6RCz8,,,"2014",./0.png
13.5861481185928,37.2908763502074,"2014",Valle dei Templi - by Giovanni Rosin - John,,,NUhttps://youtu.be/Qfo8jCsbO9ILL,,,"2014",./0.png
11.294031173146,44.5274304184958,"2014",Volo Bologna - Siviglia - 06 aprile 2014 - by Giovanni Rosin - John,,,https://youtu.be/ImogGdaBpAA,,,"2014",./0.png
-5.8820355428771,37.4121240288601,"2014",Volo Bologna - Siviglia - 06 aprile 2014 - by Giovanni Rosin - John,,,https://youtu.be/ImogGdaBpAA,,,"2014",./0.png
-5.97591211030538,37.3747080093392,"2014",Siviglia di notte - 06.04.2014 - by Giovanni Rosin - John,,,https://youtu.be/KzpPqvOx3hI,,,"2014",./0.png
-5.95194823202062,37.3797780968646,"2014","Siviglia, Autobus Tour - by Giovanni Rosin - John",,,https://youtu.be/b8bQDHCy_2Q,,,"2014",./0.png
-5.99447706014574,37.3859648343162,"2014","Siviglia, piazze e cattedrale - by Giovanni Rosin - John",,,https://youtu.be/IYIaU1f1VeY,,,"2014",./0.png
-5.99022715387413,37.3837694566435,"2014","Siviglia, Real Alcazar e Barrio de Santa CruzNULL",,,https://youtu.be/3Qpc04FrlIg,,,"2014",./0.png
-4.77957715842065,37.8788945821146,"2014",Cordova - by Giovanni Rosin - John,,,https://youtu.be/dAQ_GYVUkOM,,,"2014",./0.png
-4.77892831936762,37.8787409421955,"2014",Mezquita Catedral Cordoba - by Giovanni Rosin - Jesolo,,,https://youtu.be/Klva-9z8SOU,,,"2014",./0.png
-3.5982912867459,37.176609246084,"2014",Granada di  notte - by Giovanni Rosin - John,,,https://youtu.be/Tlc67cjA8ng,,,"2014",./0.png
-3.58670411924273,37.1757433059937,"2014",Alhambra -  Granada - by Giovanni Rosin,,,https://youtu.be/N7Q0p3MgPbE,,,"2014",./0.png
-3.58306521473481,37.1816345312828,"2014","Granada, Albaycin e Flamenco - by Giovanni Rosin - John",,,https://youtu.be/GgBerPhQ_7Y,,,"2014",./0.png
-5.98192736956245,37.3964338931391,"2014",Flamenco e Carmèn a Siviglia - by Giovanni Rosin - John,,,https://youtu.be/jSAvS4SV_e0,,,"2014",./0.png
-3.59953768714073,37.1919675567704,"2014",Cartuija - Monastero barocco a Granada - by Giovanni Rosin - John,,,NULLhttps://youtu.be/llju3H2KH8M,,,"2014",./0.png
-3.59633250079736,37.1825294742505,"2014","Granada, Albaycin e Flamenco - by Giovanni Rosin - John",,,https://youtu.be/GgBerPhQ_7Y,,,"2014",./0.png
-4.48897297114389,36.675853424991,"2014",Volo dal Picasso al Caravaggio - by Giovanni Rosin - JohnLL,,,https://youtu.be/kzhEZ5IapyELL,,,"2014",./0.png
-4.88230653054445,36.5099388871598,"2014",Marbella - by Giovanni Rosin - John,,,https://youtu.be/spetsA-VhV4,,,"2014",./0.png
-4.95305088299988,36.4887395718325,"2014",Puerto Banus - by Giovanni Rosin - JohnNULL,,,https://youtu.be/lF_9YFXcTq4,,,"2014",./0.png
-5.16649403158789,36.7421894960927,"2014",Ronda - by Giovanni Rosin - John,,,https://youtu.be/SJ9GFfcfHWY,,,"2014",./0.png
-4.50133399382477,36.6238969627614,"2014",Torremolinos - by Giovanni Rosin - John,,,https://youtu.be/VHRWoGjkvY8,,,"2014",./0.png
-4.63841373136916,36.5954109823324,"2014",Mijas - by Giovanni Rosin - John,,,https://youtu.be/i7GUdXPjTuE,,,"2014",./0.png
-5.35353937358896,36.1452404820586,"2014",Gibilterra - by Giovanni Rosin - John,,,https://youtu.be/ZG2hYpWMrJs,,,"2014",./0.png
-3.87542130600182,36.7442109623148,"2014",IL BALCONE D'EUROPA - NERJA - by Giovanni Rosin - John,,,https://youtu.be/GWNz6PItpdY,,,"2014",./0.png
12.6600759699996,45.954625649582,"2013",Pordenone - 17.11.2013 - by Giovanni Rosin - John,,,https://youtu.be/OBD4hu4XtRI,,,"2013",./0.png
15.7042538885818,41.707081393146,"2013",di notte a San Giovanni Rotondo - ottobre 2013 - Giovanni Rosin - John,,,https://youtu.be/pxZOl-mWPu4,,,"2013",./0.png
15.705660381412,41.7082424686648,"2013",San Giovanni Rotondo - Chiesa Antica - ottobre 2013 - by Giovanni Rosin - John,,,https://youtu.be/Fx3bPZ8ErnE,,,"2013",./0.png
15.9547291341586,41.7079038002171,"2013",Monte Sant'Angelo - ottobre 2013 - by giovanni Rosin - John,,,https://youtu.be/GTe2dI0e_RQ,,,"2013",./0.png
15.7033848389413,41.7069582179051,"2013",San Giovanni Rotondo - Chiesa Superiore - ottobre 2013 - by Giovanni Rosin - John,,,https://youtu.be/W36p_Vvyt1o,,,"2013",./0.png
15.7030888401274,41.7073590642817,"2013",San Giovanni Rotondo - Chiesa inferiore - ottobre 2013 -  by Giovanni Rosin -John,,,https://youtu.be/SrTQXsjtZAM,,,"2013",./0.png
15.6536088522698,40.9982644881489,"2013",Melfi - ottobre 2013 - by Giovanni Rosin - John,,,https://youtu.be/n9tjzIgXZDs,,,"2013",./0.png
15.8274771788519,40.9696528158654,"2013",SS. Trinità di Venosa - ottobre 2013 - by Giovanni Rosin - John,,,https://youtu.be/nP1z3Vc0OTk,,,"2013",./0.png
15.8285235002408,40.969465702699,"2013",Venosa - ottobre 2013 - by Giovanni Rosin - John,,,https://youtu.be/gVYcV6P_g84,,,"2013",./0.png
17.2383314326855,40.7839426070518,"2013",Alberobello - ottobre 2013 - by Giovanni Rosin - John,,,https://youtu.be/_aBBvPz0WD4,,,"2013",./0.png
16.666268980659,40.5494354797404,"2013",Montescaglioso - ottobre 2013 - by Giovanni Rosin - John,,,https://youtu.be/rKea3CtXS-M,,,"2013",./0.png
16.8059941882218,40.3733853055906,"2013",Metaponto - ottobre 2013 - by Giovanni Rosin - John,,,https://youtu.be/29jS6TWT0Rg,,,"2013",./0.png
16.6124384986882,40.6645756129023,"2013",Matera - ottobre 2013 - by Giovanni Rosin - John,,,https://youtu.be/ZlC-XMWW490,,,"2013",./0.png
12.0060498867238,45.4923185431464,"2013",Percorso Danza,,,https://www.youtube.com/playlist?list=PLaALU19-ihKQwANzQO2v4QGpYUHMFrO48,,,"2013",./0.png
11.7317372110315,45.7674616906663,"2014",Bassano del Grappa e i mercatini 2014 - by Giovanni Rosin - John,,,https://youtu.be/oEdL8Xn7qP0,,,"2014",./0.png
11.0440909694101,45.8885040221757,"2014",Rovereto - 09.12.2014 - by Giovanni Rosin - John,,,https://youtu.be/hHq5nRfse30,,,"2014",./0.png
11.1214814118318,46.0673816509791,"2014",Trento e i suoi Mercatini Natalizi - by Giovanni Rosin - John,,,https://youtu.be/DotM_D-F7E4,,,"2014",./0.png
11.2977799789594,46.0130021725706,"2014",Levico Terme - 9 dicembre 2014 - by Giovanni Rosin - John,,,https://youtu.be/l4JiyrRDcaM,,,"2014",./0.png
11.2405421629373,46.06041345311,"2014",Mercatino di Natale a Pergine Valsugana - by Giovanni Rosin - John,,,https://youtu.be/b95BsV71CUs,,,"2014",./0.png
11.3053643776733,46.0099063757077,"2014",Levico Terme - Mercatino Natalizio 2014 - by Giovanni Rosin - John,,,https://youtu.be/q02pq3MOBbc,,,"2014",./0.png
12.8157020220916,45.8489075478916,"2014",Presepio vivente - Sesto al Reghena 2014 - by Giovanni Rosin - John,,,https://youtu.be/d4sfu9JJHA4,,,"2014",./0.png
12.2370441867314,45.9303073070344,"2014",La Pieve di San Pietro di Feletto - by Giovanni Rosin - John,,,https://youtu.be/dfgSAmhnzLM,,,"2014",./0.png
12.1914121270257,45.9373815857979,"2014",Molinetto della Croda - by Giovanni Rosin - John,,,https://youtu.be/OrbKUKItCjA,,,"2014",./0.png
13.5775718740036,37.2636420370714,"2014",San Leone - Agrigento - by Giovanni Rosin - John,,,https://youtu.be/mrOsfVwiWMo,,,"2014",./0.png
12.4711847753785,37.8664190662635,"2014",Isola di Mothia - by Giovanni Rosin - John,,,https://youtu.be/aKP473c2hvY,,,"2014",./0.png
12.5898905947337,38.0367882486553,"2014",Erice - by Giovanni Rosin - John,,,https://youtu.be/XwlJm5CRcb8,,,"2014",./0.png
12.5324457970683,38.0210724156636,"2014",Trapani - by Giovanni Rosin - John,,,https://youtu.be/vqwq2jJtXP4,,,"2014",./0.png
12.7908600503744,38.0225785014932,"2014",Segesta - by Giovanni Rosin - John,,,https://youtu.be/QQ3ubeknXW0,,,"2014",./0.png
13.2919996155424,38.0822611753104,"2014",Monreale - by Giovanni Rosin - John,,,https://youtu.be/PHubsPKpR7k,,,"2014",./0.png
13.3535167780113,38.1107065510753,"2014",Palermo - Cappella Palatina - by Giovanni Rosin - John,,,https://youtu.be/xI27HWWc_YI,,,"2014",./0.png
13.3564435234994,38.1247246212208,"2014",Palermo di sera - by Giovanni Rosin - John,,,https://youtu.be/nM1rtZPGCh4,,,"2014",./0.png
13.3635484504737,38.116574538581,"2014",Palermo - by Giovanni Rosin - John,,,https://youtu.be/SE2Gwji4GMQ,,,"2014",./0.png
13.1047787344238,38.1863388387858,"2014",Volo Palermo Venezia - by Giovanni Rosin - John,,,https://youtu.be/ICOzcZYG8Bk,,,"2014",./0.png
12.8926199641001,45.6000733925728,"2014",Caorle 21 settembre 2014 - by Giovanni Rosin - John,,,https://youtu.be/Uvzgfw-IZmQ,,,"2014",./0.png
16.3335794947263,46.3073622107192,"2008",Varazdin 2008 - by Giovanni Rosin - John,,,https://youtu.be/Mia-lPewCaw,,,"2008",./0.png
16.1190591427289,46.0045120661032,"2008",Marija Bistrica 2008 - by Giovanni Rosin - John,,,https://youtu.be/__2wCXciOLM,,,"2008",./0.png
15.6253373634134,44.8755738600988,"2008",Pletvice 2008 - by Giovanni Rosin - John,,,https://youtu.be/UIskg7AIeEY,,,"2008",./0.png
15.9452911986492,46.2580403140784,"2008",Castello di Trakoscan 2008 - by Giovanni Rosin - John,,,https://youtu.be/fP27NbxJm-0,,,"2008",./0.png
15.9544448474075,45.7990696880553,"2008",Zagabria 2008 - by Giovanni Rosin - John,,,https://youtu.be/S59_fJWyg-A,,,"2008",./0.png
14.5188257250181,46.0528849688273,"2008",Lubiana 2008 - by Giovanni Rosin - John,,,https://youtu.be/IFQl3a3D2Kc,,,"2008",./0.png
14.1085363767085,46.3692663818096,"2008",Bled 2008 - by Giovanni Rosin - John,,,https://youtu.be/6Fx0AsvnEy0,,,"2008",./0.png
14.3079415883642,46.6239955500199,"2013",Mercatino di Natale a Klagenfurt - 15.12.2013 - by John - Giovanni Rosin,,,https://youtu.be/MDTL_oRH_0E,,,"2013",./0.png
13.8440804626607,46.6121421817179,"2013",Villach - Mercatini di Natale 2013 - by Giovanni Rosin - John,,,https://youtu.be/x4bg-MM0Exc,,,"2013",./0.png
12.8401249013978,45.7733487902094,"2013",Fiera di Sant'Andrea - Portogruaro 2013 - by Giovanni Rosin - John,,,https://youtu.be/BsWgAlF597Q,,,"2013",./0.png
11.1645350762427,46.6713566071285,"2013",Mercatini di Natale Merano 2013 - by Giovanni Rosin - John,,,https://youtu.be/EWYspOF3NBQ,,,"2013",./0.png
11.3092529966023,44.4922680553647,"2013",Mirko & John- Vasco 26.06.2013 - by Giovanni Rosin - John,,,https://youtu.be/MgoTWwgFqOA,,,"2013",./0.png
11.3092144218725,44.4924469161867,"2013",Vasco Rossi - Bologna - 26.06.2013 - Albachiara  - by Giovanni Rosin - John,,,https://youtu.be/qy4yTq539Y0,,,"2013",./0.png
11.9578234854425,46.7390827383313,"2006","amarcord .....  Enzo, Mirko e John a San Vigilio di Marebbe nel gennaio 2006",,,https://youtu.be/_8UZ0Lwx3uU,,,"2006",./0.png
13.1972929878591,45.867888786999,"2014",Presepe di Corgnolo 2014 - fotografie - by Giovanni Rosin - John,,,https://youtu.be/VdXWujGJIQY,,,"2014",./0.png
13.1791610319292,46.158861959982,"2014",PRESEPIO DI ARA 2013-2014 -  by Giovanni Rosin - John,,,https://youtu.be/1cHToOaRsa8,,,"2014",./0.png
13.3761020604312,45.8501071420868,"2014",Presepio di Perteole  2013-2014 - by Giovanni Rosin - John,,,https://youtu.be/7v4Ok9UQanI,,,"2014",./0.png
13.1970315406815,45.8678287933379,"2014",Presepe di Corgnolo 2014 - by Giovanni Rosin - John,,,https://youtu.be/by1G_6ok5_w,,,"2014",./0.png
12.2909001878156,45.8831085346677,"2014",Presepio dei Frati 2013-2014 - Conegliano - by Giovanni Rosin - John,,,https://youtu.be/yabXF4LNqf4,,,"2014",./0.png
12.5642966898405,45.5691702501768,"2013",Vecio Piave - serata tra amici - by Giovanni Rosin - John,,,https://youtu.be/qfcOcGibJeU,,,"2013",./0.png
9.66282127339313,45.7039478687561,"2013",Fotoreport - Bergamo- St. Moritz- Lago di Como -Milano -by Giovanni Rosin - John,,,https://youtu.be/UQVJTRKhOjE,,,"2013",./0.png
11.8722578945301,45.4068673524312,"2013",Padova - foto gallery - 10.04.2013 - by Giovanni Rosin,,,https://youtu.be/5qhv39wgV1w,,,"2013",./0.png
11.8801072518405,45.4012978941879,"2013",Padova - 10.04.2013 - by Giovanni Rosin,,,https://youtu.be/EDIdPhMS3uY,,,"2013",./0.png
9.1895424614729,45.4642487451014,"2013",Milano - by Giovanni Rosin - John,,,https://youtu.be/f9Oi0_1Q0MU,,,"2013",./0.png
9.30488820299109,46.1410768593519,"2013",Gravedona - by Giovanni Rosin - John,,,https://youtu.be/BS1VlHt-NVk,,,"2013",./0.png
9.08068536382354,45.813278128032,"2013",Como - by Giovanni Rosin - John,,,https://youtu.be/BiSjFY2_hhI,,,"2013",./0.png
9.38909796213558,45.8552328285375,"2013",Lecco - by Giovanni Rosin - John,,,https://youtu.be/pigBNjzca3A,,,"2013",./0.png
9.23099372329078,45.9861921239274,"2013",Villa Carlotta - by Giovanni Rosin - John,,,https://youtu.be/xOK7RHmeUc0,,,"2013",./0.png
9.66228649507468,45.7035598725594,"2013",Bergamo Alta - by Giovanni Rosin - John,,,https://youtu.be/D9rGDlpjSBM,,,"2013",./0.png
9.26049566053056,45.985634749722,"2013",Bellagio - Lago di Como - by Giovanni Rosin - John,,,https://youtu.be/vGhDJnEfpic,,,"2013",./0.png
9.40018569938984,46.3214515948045,"2013",St. Moritz,,,https://youtu.be/mMu6IO4n08c,,,"2013",./0.png
9.83742639448987,46.4987099761668,"2013",St. Moritz,,,https://youtu.be/mMu6IO4n08c,,,"2013",./0.png
9.84343967957924,46.4969920284594,"2013",Trenino del Bernina - by Giovanni Rosin - John,,,https://youtu.be/4DJimUJA3Ug,,,"2013",./0.png
10.1670503803231,46.2157897320002,"2013",Trenino del Bernina - by Giovanni Rosin - John,,,https://youtu.be/4DJimUJA3Ug,,,"2013",./0.png
13.1791075541034,46.1590399671788,"2013",37° Presepio di Ara - by Giovanni Rosin - John,,,https://youtu.be/h8Ik810vrUI,,,"2013",./0.png
13.1359747117889,46.2778406399436,"2013",Gemona del Friuli - Santuario di Sant'Antonio - by Giovanni Rosin - John,,,https://youtu.be/RXD4Jw1gHQA,,,"2013",./0.png
11.49680786344,45.4103099208424,"2012",2012 PRESEPE VIVENTE NELLE ANTICHE GROTTE - Pozzolo di Villaga  - by Giovanni Rosin - John,,,https://youtu.be/wFmEqKCsKHw,,,"2012",./0.png
12.0720926680348,45.7843698248413,"2012",2012 Presepio di Caonada - by Giovanni Rosin - John,,,https://youtu.be/XmUpu7_XQW4,,,"2012",./0.png
12.0944166918169,45.7767283111218,"2012",2012 - Presepio di Venegazzù - by Giovanni Rosin - John,,,NULLhttps://youtu.be/PTJ_smfpfao,,,"2012",./0.png
12.1183807024416,45.7762973051781,"2012",2012 - Presepe Parrocchia di Volpago - by Giovanni Rosin - John,,,https://youtu.be/WZ77WFj_eEA,,,"2012",./0.png
12.1688637756567,45.7941356794988,"2012",2012 Il Gesù Bambino di Giavera del Montello - by Giovanni Rosin - John,,,https://youtu.be/CVFlXKjcAe0,,,"2012",./0.png
12.1890308602254,45.8047241251731,"2012",2012 Bavaria di Nervesa - Presepio Western - by Giovanni Rosin - John,,,https://youtu.be/35m3oSS4ECc,,,"2012",./0.png
11.5466058237985,45.547333783309,"2012","Vicenza, novembre 2012 - by Giovanni Rosin - John",,,https://youtu.be/2F_YX0qsCng,,,"2012",./0.png
12.4909446920744,41.891078968812,"2012","Roma, ottobre 2012 - by Giovanni Rosin - John",,,https://youtu.be/zM4h8Kiivqo,,,"2012",./0.png
12.6597171017779,45.9560164233202,"2012",Pordenone 2012 - by Giovanni Rosin - John,,,https://youtu.be/i6EdHAi6z64,,,"2012",./0.png
15.1059088836894,37.5162470765757,"2005",Catania 2005 - by Giovanni Rosin - John,,,https://youtu.be/YaBOOoNBM94,,,"2005",./0.png
13.37034405563,45.7692834107658,"2008",Visita alla Basilica di Aquileia - 2008 - by Giovanni Rosin - John,,,https://youtu.be/7OmMNDjTdVY,,,"2008",./0.png
8.30731106085687,47.0514530815443,"2007",Lucerna 2007 - by Giovanni Rosin - John,,,https://youtu.be/L7qwTE0lZJ4,,,"2007",./0.png
8.61540063102075,47.6779888078562,"2007",Cascate del Reno - Sciaffusa 2007 - by Giovanni Rosin - John,,,https://youtu.be/Wnm8eaXV4Gk,,,"2007",./0.png
13.3755439925707,52.5195290364413,"2006",Berlino - Germania 2006 - by Giovanni Rosin - John,,,https://youtu.be/6rNX3q4oq7Q,,,"2006",./0.png
13.7367206622661,51.054082123088,"2006",Dresda - Germania 2006 - by Giovanni Rosin - John,,,https://youtu.be/eLfO-7mAoHw,,,"2006",./0.png
11.2863105632252,45.5379386457421,"2008",Chiampo 2008 - by Giovanni Rosin - John,,,https://youtu.be/QfYxdnO6pq0,,,"2008",./0.png
22.9611681866756,37.9477593722857,"2007",Micene - Corinto - Grecia 2007 - by Giovanni Rosin,,,https://youtu.be/-6uIxurx9ro,,,"2007",./0.png
22.7567854994535,37.7307451881405,"2007",Micene - Corinto - Grecia 2007 - by Giovanni Rosin,,,https://youtu.be/-6uIxurx9ro,,,"2007",./0.png
23.7284572125477,37.9684944198087,"2007",Atene Museo Archeologico Nazionale - Grecia 2007 - by Giovanni Rosin - John,,,https://youtu.be/G-QTMQ1Jtl4,,,"2007",./0.png
23.7261358125359,37.9671349238798,"2007",Atene - La Plaka - Sunion  - Grecia 2007 - by Giovanni Rosin -John,,,https://youtu.be/cJC064cs-G4,,,"2007",./0.png
24.0160587780733,37.659107190275,"2007",Atene - La Plaka - Sunion  - Grecia 2007 - by Giovanni Rosin -John,,,https://youtu.be/cJC064cs-G4,,,"2007",./0.png
21.7204594900898,38.2251744053372,"2007",Ancona Patrasso Olimpia - Grecia 2007 - by Giovanni Rosin - John,,,https://youtu.be/I12tDVUCYJ0,,,"2007",./0.png
21.6276034915267,37.6418722629715,"2007",Ancona Patrasso Olimpia - Grecia 2007 - by Giovanni Rosin - John,,,https://youtu.be/I12tDVUCYJ0,,,"2007",./0.png
13.5076913417817,43.620918138245,"2007",Ancona Patrasso Olimpia - Grecia 2007 - by Giovanni Rosin - John,,,https://youtu.be/I12tDVUCYJ0,,,"2007",./0.png
14.5212543563154,35.8961288464426,"2010",Malta 2010 - by Giovanni Rosin - John,,,https://youtu.be/GOUK1Z3-oRk,,,"2010",./0.png
14.4902669832164,35.8888213357033,"2010",Malta 2010 - Fotostory - Giovanni Rosin - John,,,https://youtu.be/vrsJ_McCTHE,,,"2010",./0.png
-3.19329386363591,55.9494011115711,"2010",Scozia - Edimburgo 2010 - Giovanni Rosin - John,,,https://youtu.be/vGF6ZLLANQU,,,"2010",./0.png
-4.22853087637999,57.4765394549618,"2010",Scozia - Inverness 2010 - by Giovanni Rosin - John,,,https://youtu.be/OfutKOcUnIo,,,"2010",./0.png
-5.06223049603698,57.5722458856062,"2010",Highlands Scozzesi - 2010 - by Giovanni Rosin - John,,,https://youtu.be/SBFYexjuKmU,,,"2010",./0.png
-4.45909200598454,57.2964654034894,"2010",Crociera sul Lago di Loch Ness - Scozia 2010 - by Giovanni Rosin - John,,,https://youtu.be/0V3xFl8jJII,,,"2010",./0.png
-5.47377597908944,56.4123281698937,"2010",Oban - Scozia 2010 - Giovanni Rosin - John,,,https://youtu.be/TcPTcrjRnTs,,,"2010",./0.png
-3.36199492732816,55.9475696080888,"2010",Volo Venezia - Edimburgo - Scozia 2010 - by Giovanni Rosin - John,,,https://youtu.be/1QfAoiGhp9s,,,"2010",./0.png
30.3951375750263,59.9259191144323,"2008",Russia - Fiume Neva al Tramonto - By Giovanni Rosin - John,,,https://youtu.be/V17Nc0VRd8c,,,"2008",./0.png
30.3080386699172,59.9341143674915,"2008",Russia - San Pietroburgo - Tramonto a San Isacco - Russia 2008 - by Giovanni Rosin - John,,,https://youtu.be/ZCcT1ska-fk,,,"2008",./0.png
30.3312393987866,59.9347390652851,"2008",Russia - Arrivo a San Pietroburgo 2008 - by Giovanni Rosin,,,https://youtu.be/MjEX0qdhj8o,,,"2008",./0.png
37.5576165510681,55.7292533422977,"2008",Russia - Mosca by night 2008 - by Giovanni Rosin - John,,,https://youtu.be/7FYJOwnTNHo,,,"2008",./0.png
37.6217922997527,55.7544875003775,"2008",Russia - Piazza Rossa - Mosca 2008 - by Giovanni Rosin - John,,,https://youtu.be/5eZ32JCkrUM,,,"2008",./0.png
17.8153068761116,43.3372251419946,"2009",Mostar 2009 - by Giovanni Rosin - John,,,https://youtu.be/FVX23QziKxw,,,"2009",./0.png
17.6780262886366,43.1910849907561,"2009",MEDJUGORJE 2009 - by Giovanni Rosin - John,,,https://youtu.be/9btkbEBtMxA,,,"2009",./0.png
16.2535426519296,43.5185270622476,"2009",Trogir 2009 - by Giovanni Rosin - John,,,https://youtu.be/4bQ2rwxfju8,,,"2009",./0.png
16.4377880730898,43.5079912447541,"2009",Spalato 2009 - by Giovanni Rosin - John,,,https://youtu.be/btXNA6QqDQM,,,"2009",./0.png
18.2181118487442,42.5800740209547,"2009",Ragusa Vecchia - 2009  - by Giovanni Rosin  - John,,,https://youtu.be/T7pZImSybBk,,,"2009",./0.png
18.0886045850312,42.6530932034079,"2009",Dubrovnik 2009 - by Giovanni Rosin - John,,,https://youtu.be/yepWkGcUfhI,,,"2009",./0.png
14.4587592107647,45.3338683802563,"2009",Verso la Bosnia - 2009  - by Giovanni Rosin - John,,,https://youtu.be/5kZ4tlIH8Kw,,,"2009",./0.png
15.0061808947797,40.4213752800638,"2011",Campania 2011 - PAESTUM - by Giovanni Rosin - John,,,https://youtu.be/7FfaK7zPEak,,,"2011",./0.png
14.2427827446245,40.5507643714242,"2011",Campania 2011 - Capri - by Giovanni Rosin - John,,,https://youtu.be/tQpnPYKUK64,,,"2011",./0.png
14.482496325793,40.7014546224047,"2011",Fotostory - Campania 2011 - by Giovanni Rosin - John,,,https://youtu.be/GNtkZf2KZB8,,,"2011",./0.png
11.5447495132243,45.5358943309384,"2012",Santuario di Monte Berico - Presepe - by Giovanni Rosin,,,https://youtu.be/GDJmsXuHRdA,,,"2012",./0.png
12.5995069187955,45.774501701414,"2012",Motta di Livenza - Presepio e Santuario Madonna Dei Miracoli - by Giovanni Rosin - John,,,https://youtu.be/n_iYUufFnTQ,,,"2012",./0.png
13.1580150155931,46.120554570863,"2012",Sintesi spettacolo - Presepe vivente di Brazzacco di Moruzzo - 2011 - by Giovanni Rosin - John,,,https://youtu.be/7GLUIOEHzNs,,,"2012",./0.png
13.1578305094568,46.1206991410624,"2012",Presepe vivente di Brazzacco di Moruzzo - 2011 - by Giovanni Rosin - John,,,https://youtu.be/TApJNr5MntE,,,"2012",./0.png
11.6681520304437,45.6158760127312,"2011",Presepio Vivente di San Pietro in Gu - 2011 - by Giovanni Rosin - John,,,https://youtu.be/-MLmsRgoFIw,,,"2011",./0.png
12.6362637499485,45.6857301122639,"2012",Presepi in Villa - Ceggia - by Giovanni Rosin - John,,,https://youtu.be/4BwPFCxvFOw,,,"2012",./0.png
-0.079217198855309,51.5051491963038,"2011","Londra by night, marzo 2011 - by Giovanni Rosin - John",,,https://youtu.be/sBWKLOYswjg,,,"2011",./0.png
-0.124196582753439,51.5009297052128,"2011",Album fotografico  Londra marzo 2011 - by Giovanni Rosin - John,,,https://youtu.be/aum_yRX3uWw,,,"2011",./0.png
11.7302864773878,45.7675016401775,"2011",Mercatini Natalizi a Bassano del Grappa - by Giovanni Rosin - John,,,https://youtu.be/4Gmhd1z1nnQ,,,"2011",./0.png
12.1760633302302,44.8330707125413,"2011",Pomposa - by Giovanni Rosin - John,,,https://youtu.be/Jdncz-cyDRo,,,"2011",./0.png
12.4459035545471,43.9349807795627,"2011",San Marino - by  Giovanni Rosin - John,,,https://youtu.be/nQFRFZ4ON2g,,,"2011",./0.png
12.645992015628,45.5061021538806,"2016","Playlist del ""Presepe di Sabbia""",,,https://www.youtube.com/playlist?list=PLaALU19-ihKSa_5iCRcKnYWAKNQ7nr6YR,,,"2016",./0.png
12.6468841004025,45.5045817540212,"2016","Playlist ... la mia città ... con tutti i suoi difetti ... ma, per me, bellissima ed insostituibile",,,https://www.youtube.com/playlist?list=PLaALU19-ihKQ4cjq2vuNsPUAUjhT15ist,,,"2016",./0.png
12.6326107440078,45.4995513534171,"2015",Plailist SCULTURE DI SABBIA A JESOLO,,,https://www.youtube.com/playlist?list=PLaALU19-ihKStMnYMGLmV6QPGL5vw3vhE,,,"2015",./0.png
12.635298929723,45.509749965484,"2012",Volo virtuale sul Lido di Jesolo - by Giovanni Rosin - John,,,https://youtu.be/wFYpc66Z_VI,,,"2012",./0.png
12.4239429030382,45.4478813433626,"2013",Volo virtuale sulla laguna - by Giovanni Rosin - John,,,https://youtu.be/Sc3QmxBHHsk,,,"2013",./0.png
10.0607941874633,46.344299201482,"2013",Volo Virtuale sul percorso Tirano - St. Moritz - by Giovanni Rosin - John,,,https://youtu.be/JCKExWVi-iE,,,"2013",./0.png
12.4952598668692,41.8915144412575,"2010","Roma, ottobre 2010 - by Giovanni Rosin - John",,,https://youtu.be/XusqSpuJ81U,,,"2010",./0.png
11.9579264065135,46.7388233381323,"2009",San Vigilio di Marebbe 2009 - by Giovanni Rosin - John,,,https://youtu.be/TJLfPGd9PE8,,,"2009",./0.png
10.330526853202,44.8034266880274,"2011",Uno sguardo su Parma - by Giovanni Rosin - John,,,https://youtu.be/lcf43VzxRKc,,,"2011",./0.png
12.1177209794304,45.9540262710789,"2010",Abbazia di Follina - Natale 2010 - by Giovanni Rosin - John,,,https://youtu.be/dxIPf0JetKE,,,"2010",./0.png
12.6822996621566,45.7933219797829,"2011",Presepio Vivente - Annone Veneto 6 gennaio 2011 - by Giovanni Rosin,,,https://youtu.be/p5VyEr3L_cY,,,"2011",./0.png
12.2160360740972,45.9864635221087,"2011",Presepio Vivente di Revine 2010 - by Giovanni Rosin - John,,,https://youtu.be/AItxEMze7LA,,,"2011",./0.png
12.35479322171,46.3967776446743,"2011",Presepio di Perarolo di Cadore 2010  - by Giovanni Rosin - John,,,https://youtu.be/IOozxd-Dxss,,,"2011",./0.png
-3.18820407539882,55.9500343211761,"2010","Edimburgo e la  ""John Langan Band"" - by Giovanni Rosin - John",,,https://youtu.be/Hjl9KHPYObg,,,"2010",./0.png
8.7134420977232,45.6277200692436,"2010",Malpensa - Malta ... immagini del volo dal finestrino del John - by Giovanni Rosin,,,https://youtu.be/oE_1xSoaziE,,,"2010",./0.png
11.7797338006142,45.3497418619638,"2015",Giovani Talenti Russi - Tournèe 2015 - by Giovanni Rosin - John,,,https://youtu.be/yEiwNvGIZZ0,,,"2015",./0.png
12.6600420655473,45.9543524907652,"2015",Pordenone - by Giovanni Rosin - John,,,https://youtu.be/w5xxzQCc71A,,,"2015",./0.png
12.5599356001829,46.1895887939538,"2015",Lago di Barcis - by Giovanni Rosin - John,,,https://youtu.be/a6PVj1V-r5U,,,"2015",./0.png
12.8156222203427,45.8482329415222,"2015",Abbazia di Santa Maria in Sylvis - by Giovanni Rosin - John,,,https://youtu.be/qUjNwtnSAkg,,,"2015",./0.png
9.10565763385562,45.5184171902763,"2015",Expò in un minuto - by Giovanni Rosin -John,,,https://youtu.be/wY8ICcPlOus,,,"2015",./0.png
9.10715211426597,45.5206776644938,"2015",The tree of life - The complete SHOW  - Albero della Vita - Expo 2015 - by Giovanni Rosin - John,,,,,,"2015",./0.png
12.632317081737,45.4994779965357,"2015",Play List - JESOLO AIRSHOW,,,https://www.youtube.com/playlist?list=PLaALU19-ihKQLkbL9wgClJLeH9EKKfFPE,,,"2015",./0.png
12.4936417534936,41.8969203247605,"2015",Roma 14 aprile 2015 - by Giovanni Rosin - John,,,https://youtu.be/I-EwuHV5ORE,,,"2015",./0.png
12.4832990001956,41.8881351920014,"2015",Roma 15 aprile 2015 - by Giovanni Rosin - John,,,https://youtu.be/1NypeCsPB9Q,,,"2015",./0.png
12.4822018618031,41.9058852118292,"2015",Roma 16 aprile 2015 - by Giovanni Rosin - John,,,https://youtu.be/uJCZCgbbxjo,,,"2015",./0.png
12.4926572941771,41.8937198509822,"2015",Roma - Aprile 2015 - by Giovanni Rosin - John,,,https://youtu.be/-vpTfmPMIEQ,,,"2015",./0.png
13.635914049654,45.0803888793515,"2015",Rovigno  - by Giovanni Rosin - John,,,https://youtu.be/t0flrm4fdB8,,,"2015",./0.png
13.5955002156036,45.2253054564622,"2015",Parenzo - by Giovanni Rosin - John,,,https://youtu.be/nFFTrm9kkTM,,,"2015",./0.png
13.636444912139,45.0813608713072,"2015",Rovigno 08.03.2015 ?  by Giovanni Rosin - John,,,https://youtu.be/Lcpd6sPHrvw,,,"2015",./0.png
13.5962535557273,45.2243932013893,"2015",? Parenzo 08.03.2015 ?  by Giovanni Rosin - John,,,https://youtu.be/eQg4_7Zf7nc,,,"2015",./0.png
12.2910453267317,45.8830363400131,"2015",Presepio dei Frati 2014-2015 - Conegliano - by Giovanni Rosin - John,,,https://youtu.be/TpXMtefmyng,,,"2015",./0.png
12.4186312736503,45.9086461490707,"2015",Presepio di Bibano - by Giovanni Rosin - John,,,https://youtu.be/ARgZkCd_B-0,,,"2015",./0.png
11.8580885247137,45.5879994005841,"2015",Villa del Conte - Brusemo a Vecia 2015 - by Giovanni Rosin - John,,,https://youtu.be/9HX7E_wwH60,,,"2015",./0.png
11.8579399751809,45.5876958456446,"2015",Presepio di Villa del Conte 2014 - by Giovanni Rosin - John,,,https://youtu.be/pOL4ZB_jrXE,,,"2015",./0.png
11.9455960834581,45.4733303337113,"2014",Presepio Vivente di Codiverno 2014 - Sfilata figuranti - by Giovanni Rosin- John,,,https://youtu.be/2Z_kYXt5Twk,,,"2014",./0.png
11.9468557834959,45.4734303359113,"2014",Presepio Vivente di Codiverno 2014 - by Giovanni Rosin - John,,,https://youtu.be/_DLw4q_G_78,,,"2014",./0.png
12.28660639091,45.8503528044601,"2015",Presepe e chiesa di Santa Lucia di Piave - by Giovanni Rosin - John,,,https://youtu.be/i9Hr2K4fmUg,,,"2015",./0.png
12.6290418421367,45.5033701754652,"2014",Aurora Wind Band - Jesolo 28.12.2014 - by Giovanni Rosin - John,,,https://youtu.be/9oSg2cMG-s8,,,"2014",./0.png
12.658466533586,45.5126271877058,"2015",Jesolo 2015 - pan e vin Sabbiadoro - by Giovanni Rosin - John,,,https://youtu.be/Tp2dCyzPVNw,,,"2015",./0.png
12.1965012546792,45.8214433302184,"2014",Presepio di Nervesa della Battaglia 2014 - by Giovanni Rosin - John,,,https://youtu.be/L1zKl8YbRcI,,,"2014",./0.png
12.0943600814436,45.7768098508191,"2014",Presepio di Venegazzù 2014 - by Giovanni Rosin - John,,,https://youtu.be/6L4LoEcsHug,,,"2014",./0.png
12.6823369580404,45.7932176927691,"2014",Presepe Vivente 2014 Annone Veneto - by Giovanni Rosin - John,,,https://youtu.be/aX8nM4EiuOs,,,"2014",./0.png
12.6586423072816,45.5124758670197,"2015",?? el pan e vin a Jesolo ??   by Giovanni Rosin - John,,,https://youtu.be/AIVwDwwSrGA,,,"2015",./0.png
12.6314250618886,45.5007866791942,"2014",Raduno Arma Aeronautica - Jesolo 2014,,,https://www.youtube.com/playlist?list=PLaALU19-ihKSDMsyOF-e6FX3lcup4Tkqu,,,"2014",./0.png
12.6382999342692,45.5368812423849,"2014",Raduno Arma Aeronautica - Jesolo 2014,,,https://www.youtube.com/playlist?list=PLaALU19-ihKSDMsyOF-e6FX3lcup4Tkqu,,,"2014",./0.png
7.67942969940581,45.08533676738,"2021",Torino e le Langhe,,,https://www.youtube.com/playlist?list=PLaALU19-ihKTjRAZ3CqHP8cOCZj0Mvy2e,,,,./0.png
12.8810441943235,45.84497282862,"2022",Castello e Borgo di Cordovado,,,https://youtu.be/k2postwGwJ4,,,,./0.png
12.3314656840974,45.4361001928894,"2022","Canal Grande al tramonto, Venezia 2 ottobre 2022",,,https://youtu.be/plqNLuakFbk,,,,./0.png
12.3563545551962,45.4533516205438,"2022",Escursione sull'Isola di Murano,,,https://youtu.be/5eqk1A9h4j8,,,,./0.png
12.3526336561072,45.4549634091171,"2022",Chiesa di San Pietro Martire,,,https://youtu.be/-oMEY--ZLog,,,,./0.png
12.3543033452694,45.4324889362059,"2022",Chiesa di San Francesco di Paola,,,https://youtu.be/iclkXCUI2iA,,,,./0.png
12.3595026373006,45.4346770003052,"2022",Basilica di San Pietro di Castello,https://youtu.be/Eec-E80bUH8,,,,,"2022",./0.png
12.2508399523508,45.66692159384,"2022","Paris Bordon, pittore divino",,,https://youtu.be/aANRy8hn1bk,,,"2022",./0.png
11.9858116269557,43.2743899936663,"2022",CORTONA,,,https://youtu.be/0UagO7EWNf8,,,"2022",./0.png
11.9919845471039,43.2766184137804,"2022",Santuario di Santa Margherita,,,https://youtu.be/XYTA3EZ3nbQ,,,"2022",./0.png
12.1357835792907,43.1843767252969,"2022",Tramonto sul Trasimeno,,,https://youtu.be/FBeZU6TkHuk,,,"2022",./0.png
12.6089893496069,42.9350635707065,"2022",Bevagna,,,https://youtu.be/aeufoaVZyMMNULL,,,"2022",./0.png
12.6723646631324,42.9893973939505,"2022",SPELLO,,,https://youtu.be/ItyZPcYmRJg,,,"2022",./0.png
12.389439156363,43.1076862966119,"2022",Perugia al tramonto,,,https://youtu.be/ezwuuftGyek,,,"2022",./0.png
12.6371104303715,43.7239673047808,"2022",URBINO,,,https://youtu.be/koqkqiiMgP0,,,"2022",./0.png
12.1528362711671,42.898577796453,"2022",La Scarzuola,Convento medievale,,https://youtu.be/bO5RO547XQk,,,"2022",./0.png
12.3495895276877,45.4323193473556,"2022",Amerigo Vespucci,,,https://youtu.be/uhX_05sJYpc,,,"2022",./0.png
12.5855494003497,45.4794146183108,"2022",Porto di Piave Vecchia,Volo con drone,,https://youtu.be/_bEne9IEdWc,,,"2022",./0.png
13.9407454303037,40.7419912514217,"2011",ISCHIA,,,https://youtu.be/tpXT8R_r2-Q,,,"2011",./0.png
14.4810817072552,40.6987413833806,"2011",Castellammare di Stabia 2011,,,https://youtu.be/tB0zrHhJLX8,,,"2011",./0.png
14.2725055942684,40.8414838131099,"2011",NAPOLI,,,https://youtu.be/U1y6yj4h5zg,,,"2011",./0.png
14.3270844966002,41.0716354369057,"2011",REGGIA DI CASERTA,,,https://youtu.be/6GZA7e7nwqo,,,"2011",./0.png
14.6029111451698,40.6331502516395,"2011",AMALFI,,,https://youtu.be/nUWAUazIJ6w,,,"2011",./0.png
14.6057232532372,40.6329940982533,"2011",https://youtu.be/nUWAUazIJ6w,,,https://youtu.be/oE3f66YoHn0,,,"2011",./0.png
7.66928147145418,45.068039475184,"2010",Ostensione sacra Sindone  - Pellegrinaggio,,,https://youtu.be/ExrNfF0Kor8,,,"2010",./0.png
13.4222201384338,45.703913778372,"2022",Santuario di Barbana - 10 maggio 2022,,,https://youtu.be/CK91lqXioW4,,,"2022",./0.png
13.2020955206613,45.7348423437765,"2022",Una giornata nella Laguna di Marano e Grado,,,https://youtu.be/MbQFXZSq-CE,,,"2022",./0.png
13.3886548851253,45.6739146244924,"2022",Grado e Aquileia - 10 maggio 2022,,,https://youtu.be/NtC31rLayY4,,,"2022",./0.png
10.7246797542283,45.3535209209453,"2022",Borghetto - Valeggio sul Mincio,,,https://youtu.be/BbZCe4r6mGU,,,"2022",./0.png
10.7335447534414,45.3577502142424,"2022",Parco Sigurtà - 20 aprile 2022,,,https://youtu.be/oBEBOzfrDLc,,,"2022",./0.png
13.7685638262291,45.6509537202715,"2022","Trieste, una giornata in città",,,https://youtu.be/rDKXh_HUiE0,,,"2022",./0.png
13.7682380332212,45.6505761528215,"2022","Trieste, Giornata dell’Unità Nazionale",,,https://youtu.be/QgQY10BuUAU,,,"2022",./0.png
13.5903486208148,45.5135627826009,"2022",Portorose - 10 marzo 2022,,,https://youtu.be/thoqIqWFAbc,,,"2022",./0.png
13.5684026036654,45.5268264372834,"2022",Pirano - 10 marzo 2022,,,https://youtu.be/txtjEZIpUjU,,,"2022",./0.png
13.7327437423574,45.5472204121095,"2022",Capodistria - 10 marzo 2022,,,https://youtu.be/dzEPMJsTu8Q,,,"2022",./0.png
12.8354037018144,45.7757382449753,"2022",Portogruaro,,,https://youtu.be/efJf344CGnQ,,,"2022",./0.png
12.8394329789889,45.7740774388627,"2022",Chiesa di San Giovanni Evangelista,,,https://youtu.be/znKOUGNXu50,,,"2022",./0.png
12.838039249362,45.7761460809371,"2022",Duomo di Sant'Andrea apostolo,,,https://youtu.be/M3SSLp7A568,,,"2022",./0.png
12.3221296112367,45.4336045530419,"2022",Chiesa di Santa Maria dei Carmini,,,https://youtu.be/D5nxYR8w9Mw,,,"2022",./0.png
12.3203633362333,45.4319818132643,"2022",Chiesa di San Sebastiano,,,https://youtu.be/eZXngR58SKM,,,"2022",./0.png
12.2507503994617,45.6642575551627,"2022",Pomeriggio a Treviso - 30 gennaio 2022,,,https://youtu.be/3cq0ep2Pt9k,,,"2022",./0.png
12.2458976643847,45.6664334794304,"2022",Chiese di S. Vito e S. Lucia,,,https://youtu.be/6R-Id6lK1bI,,,"2022",./0.png
12.2473542384384,45.668618270852,"2022",Chiesa e Presepe San Francesco,,,https://youtu.be/_59XU-YIosI,,,"2022",./0.png
12.3366509688379,45.4402756421255,"2022",Pomeriggio a Venezia,,,https://youtu.be/r2IN3Tys7GM,,,"2022",./0.png
12.3267134113532,45.4368129727505,"2022",Presepio dei Frari 2021-2022,,,https://youtu.be/EzLS_GEWDYw,,,"2022",./0.png
12.3386576670993,45.4357824981033,"2022",Chiesa di San Zulian,,,https://youtu.be/AtAX9JyxDM4,,,"2022",./0.png
13.1567773727617,46.1213948507652,"2009",NParte finale della rappresentazione sacra Brazzacco 2009ULL,,,https://youtu.be/tVJcT71yMso,,,"2009",./0.png
13.1570384710077,46.1212796842667,"2009",Brazzacco 2009 intera rappresentazione sacra,,,https://youtu.be/Om6ynt7LnYA,,,"2009",./0.png
12.3474143484258,45.4383998411258,"2022",Chiesa di San Francesco della Vigna,,,https://youtu.be/l10UbRQemYU,,,"2022",./0.png
12.3487762131403,45.4356808276823,"2022",Inconsueto itinerario,,,https://youtu.be/3HTZyBYtoM4,,,"2022",./0.png
12.3460791869403,45.4360993061225,"2022",Scuola  Dalmata dei SS. Giorgio e Trifone,,,https://youtu.be/N7A4Dnn2JiM,,,"2022",./0.png
12.7258287836038,45.5295087724353,"2022",Foce del Fiume Piave in volo col drone,,,https://youtu.be/iC2B96U0RnU,,,"2022",./0.png
13.011170595202,45.9474120460874,"2009","Presepi a Villa Manin 2009, Passiriano",,,https://youtu.be/rJ0ROoBreKM,,,"2009",./0.png
12.2939841528703,45.882624056574,"2009","Presepio dei Frati, 2009, Conegliano",,,https://youtu.be/Z2YtjF6f628,,,"2009",./0.png
12.2721943174294,45.8663625564981,"2009","Presepio di Parè di Conegliano, 2009",,,https://youtu.be/4tifhAm4WT8,,,"2009",./0.png
12.4265745894324,45.9087911104808,"2009","NULLPresepio di Bibano, gennaio 2009
",,,https://youtu.be/q-MNk00x8b0,,,"2009",./0.png
11.8804223332998,45.401656064529,"2010","Presepio di Sant'Antonio, 2009",,,Nhttps://youtu.be/wKUy3kgUpIcULL,,,"2010",./0.png
12.12918072018,45.6409806187513,"2009",Il Presepe Vivente in riva al fiume Sile - Santa Cristina,,,https://youtu.be/8DIvA_DmlzA,,,"2009",./0.png
12.325124569187,45.4426862891738,"2021",GESU’: LA VITA. DIORAMI DAL VANGELO,,,https://youtu.be/Ljn-NjgYKAINULL,,,"2021",./0.png
12.6272771764746,45.5154224006401,"2021",Tramonto dal bordo della Valle col drone,,,https://youtu.be/ODm6_0QYTKU,,,"2021",./0.png
12.3606454278609,45.4123030469468,"2021",San Lazzaro degli Armeni,,,https://youtu.be/dZwtsVEerIo,,,"2021",./0.png
11.4686952481679,45.2313934253387,"2021",Montagnana,,,https://youtu.be/Z_sMUG52KYs,,,"2021",./0.png
11.7856447826486,45.5439812419633,"2021",Villa Contarini - Piazzola sul Brenta,,,https://youtu.be/oa4JsgWoOn0,,,"2021",./0.png
12.338730977354,45.4433716951156,"2021",Chiesa di Santa Maria Assunta,,,https://youtu.be/9UhQb5grb0E,,,"2021",./0.png
12.3427678937356,45.4388094514354,"2021",Santa Maria dei Derelitti,,,https://youtu.be/cPnnHnBgkrc,,,"2021",./0.png
12.341002355345,45.4372044933328,"2021",Chiesa di Santa Maria Formosa,,,https://youtu.be/d0fnr2bot9o,,,"2021",./0.png
12.343248694032,45.4347779504132,"2021",Chiesa di San Zaccaria,,,https://youtu.be/eCFqQSm3Yrg,,,"2021",./0.png
12.3539707256831,45.4243629034672,"2021",Vele Colorate in Laguna,,,https://youtu.be/5Mbml90gemk,,,"2021",./0.png
12.3560201628635,45.4249023001217,"2021",Tramonto in laguna in una serata d'autunno,,,https://youtu.be/FSzNaNJo9fI,,,"2021",./0.png
12.8787013629497,45.5989025590831,"2021",Caorle,,,https://youtu.be/9E3qQg56Tco,,,"2021",./0.png
13.3238053028511,45.8611320249466,"2021",Autunno a Strassoldo,,,https://youtu.be/h8YVx7Lr3Dc,,,"2021",./0.png
7.62166155453189,45.1363703949629,"2021",Reggia di Venaria Reale,,,https://youtu.be/y-j9O5ClqRY,,,"2021",./0.png
7.34322511679113,45.097465469167,"2021",Sacra di San Michele,,,https://youtu.be/bYKrR4LUgjQ,,,"2021",./0.png
8.11526254624838,44.726526275339,"2021",Neive,,,https://youtu.be/ybIBY6hhTSE,,,"2021",./0.png
8.0841923466512,44.7219555909342,"2021",Barbaresco,,,https://youtu.be/p36PucJmwzg,,,"2021",./0.png
8.0370897415624,44.6997064382229,"2021",Città di Alba,,,https://youtu.be/WTnoXqUvkxY,,,"2021",./0.png
7.94178954637121,44.6103124911148,"2021",Barolo,,,https://youtu.be/4QgNIyOYvbA,,,"2021",./0.png
7.76713031281188,45.0805513951553,"2021",Basilica e Parco di Superga,,,https://youtu.be/ND_TK6rfS6A,,,"2021",./0.png
7.6743303333997,45.0775842321122,"2021","Torino, pomeriggio autunnale",,,https://youtu.be/9zcLL9TVzx8,,,"2021",./0.png
12.3575219001606,45.457434462946,"2021",Basilica dei Santi Maria e Donato,,,https://youtu.be/z8rVniSjEv8,,,"2021",./0.png
12.418708749913,45.4842079748742,"2021",Duomo di San Martino,,,https://youtu.be/K_Il5sTGtKA,,,"2021",./0.png
12.7254824871692,45.5295799735043,"2021",Foce Fiume Piave - Cortellazzo,,,https://youtu.be/XTimab8eK6A,,,"2021",./0.png
12.6785441298389,45.5641008406137,"2021","Jesolo, com'è bella la mia campagna - volo col grone",,,https://youtu.be/obg5O6E78zo,,,"2021",./0.png
12.6581774086892,45.5298995900286,"2021",Fimi X8 SE 2020 - primo volo e primo video,,,https://youtu.be/v7j-JYJbesU,,,"2021",./0.png
11.8757011220929,45.4082440560126,"2015",Mostra Giovanni Fattori,,,https://youtu.be/A_c5Ar0FBZ8,,,"2015",./0.png
10.2181858162889,45.5379597183274,"2016","Brescia  2016 - Visita alla Mostra ""Lo splendore di Venezia""",,,https://youtu.be/emNKb71iMXE,,,"2016",./0.png
10.9967931558292,45.4437484420536,"2020",Una giornata serena a Verona,,,https://youtu.be/OWE77_jdjzM,,,"2020",./0.png
12.3421556105484,45.4368273516066,"2019",Domus Grimani - La collezione di sculture classiche,,,https://youtu.be/0lXzvTU_DME,,,"2019",./0.png
13.5675807074254,45.5289087728586,"2019",Pirano invernale,,,https://youtu.be/beVwkGA8QEQ,,,"2019",./0.png
12.1117251401944,42.62657321145,"2019",Civita di Bagnoregio,,,https://youtu.be/2LGmxlSQpek,,,"2019",./0.png
11.9850695930729,42.6364301567208,"2019",Bolsena-Viterbo-Caprarola,,,https://youtu.be/HnjhHkU0EtE,,,"2019",./0.png
12.1069665178258,42.4264629358055,"2019",Bolsena-Viterbo-Caprarola,,,https://youtu.be/HnjhHkU0EtE,,,"2019",./0.png
12.1102697226317,42.7184894255673,"2019",Orvieto,,,https://youtu.be/nQ2pjMAh1Q8,,,"2019",./0.png
10.5033062247966,43.842113951065,"2019",Lucca - Foto 5 Aprile 2019,,,https://youtu.be/0Dwp6kjQKA0,,,"2019",./0.png
10.3936617260001,43.722424572219,"2019",Pisa,,,https://youtu.be/qJnIJzW7NrM,,,"2019",./0.png
12.4167469017726,45.4733215717442,"2019",San Francesco del deserto,,,https://youtu.be/QGstrWseI4M,,,"2019",./0.png
11.8794354772137,45.4119162472042,"2019",Visita alla Cappella degli Scrovegni,,,https://youtu.be/wdpQE2S65V0,,,"2019",./0.png
12.3314817879956,45.8591650581414,"2018",Presepio Artistico di Ramera 2018,,,https://youtu.be/Bw5LsQPulU4,,,"2018",./0.png
12.3441596612333,45.4274287397599,"2018",Vatican Chapels alla Fondazione Cini,,,https://youtu.be/Fhds6rlJSTA,,,"2019",./0.png
13.3099341569639,45.905184040095,"2018",Palmanova,,,https://youtu.be/pIB76VVPr8M,,,"2018",./0.png
9.66315958743108,45.7032014455932,"2018",Una giornata a Bergamo,,,https://youtu.be/94paMN9-C70,,,"2018",./0.png
11.4082554439747,44.5162320564223,"2018",Eataly World FICO,,,https://youtu.be/SJ12GopnbmU,,,"2018",./0.png
12.3428342731304,45.4294691607568,"2018",Isola di San Giorgio,,,https://youtu.be/IHlOgfzH69s,,,"2018",./0.png
10.0251570685002,45.1342775639276,"2017",Cremona,,,https://youtu.be/ZgeKMdR3xmA,,,"2017",./0.png
19.0522864721828,47.4807683792496,"2017",Budapest e Lago Balaton,,,https://youtu.be/87aVNZbwNXo,,,"2017",./0.png
19.0874719904233,47.3978194012148,,Ungheria 2017,,,https://www.youtube.com/playlist?list=PLaALU19-ihKSsA4lyQsLPrdpH3fLHLfhi,,,,./0.png
12.6324350721948,45.4992752531933,"2022",Jesolo Air Show 2022,,,https://www.youtube.com/playlist?list=PLaALU19-ihKSFcm6gFNvI-svHg30_bxLUNULL,,,"2022",./0.png
-4.18085296080328,56.936994867258,"2010",Scozia 2010 Remix,,,https://youtu.be/P5HxtZVzfNQ,,,"2010",./0.png
7.60315713415637,44.994228330594,"2016","Stupinigi, 9 dicembre 2016",,,https://youtu.be/KuiVEO1_skI,,,"2016",./0.png
7.68657134795672,45.0537478845258,"2016",Parco del Valentino,,,https://youtu.be/2-GSzC-gECc,,,"2016",./0.png
7.68189828276075,45.0725619416563,"2016","Torino, bus tour",,,https://youtu.be/HbG0oqhR7DY,,,"2016",./0.png
12.2330899406532,43.46775318596,"2016",Città di Castello 28.10.2016,,,https://youtu.be/xlaz1zjzvTM,,,"2016",./0.png
12.3903853151928,43.1087471019751,"2016","Perugia, pomeriggio del 27.10.2016",,,https://youtu.be/VWL--0DuAgA,,,"2016",./0.png
12.389731086065,43.1085509341762,"2016",Perugia  - mattina 27.10.2016,,,https://youtu.be/F1awBVmjd9YL,,,"2016",./0.png
12.1377243626279,43.5758504461612,"2016",Sansepolcro 26.10.2016,,,https://youtu.be/JiSvP_diGbE,,,"2016",./0.png
13.5684066387026,45.5276807444809,"2016",Pirano 25 settembre 2016,,,https://youtu.be/YJfHOriGTzE,,,"2016",./0.png
13.7227828078482,45.3800916346575,"2016",Passeggiata a Grisignana 25.09.2016,,,https://youtu.be/--53sluTVlk,,,"2016",./0.png
12.6825102960399,45.7933029054879,"2018",Presepio vivente di Annone Veneto,,,https://youtu.be/axdMYPqmAVY,,,"2018",./0.png
9.83451463306378,44.0510296840077,"2016",Portovenere 25 aprile 2016,,,https://youtu.be/rkVAhDAn1gU,,,"2016",./0.png
9.20965596408863,44.3357593660499,"2016",Santa Margherita Ligure,,,https://youtu.be/zsL6t1zgL2Q,,,"2016",./0.png
9.23158762182682,44.3499303610966,"2016",Rapallo - Santa Margherita - Portofino,,,https://youtu.be/mLDj36zCXQ0,,,"2016",./0.png
10.1358019298464,44.0862687921264,"2016",Le cave di Carrara tra la nuvolaglia,,,https://youtu.be/RnPdFVOOfjY,,,"2016",./0.png
8.933971472239,44.4055194489453,"2016",Genova 22 aprile 2016,,,https://youtu.be/8EjbMI3GVNw,,,"3016",./0.png
8.78577866227843,44.7614190107345,"2016",Novi Ligure 22 aprile 2016,,,https://youtu.be/K4bRjSP3Da8,,,"2016",./0.png
12.5749629619535,43.3485040763605,"2016",Gubbio 22 marzo 2016,,,https://youtu.be/vlt91nN4h38,,,"2016",./0.png
12.4608614799764,41.8915163065013,"2018",Colle del Gianicolo e Presepio di Sabbia offerto dalla città di Jesolo,,,https://youtu.be/chT3j9DxidY,,,"2018",./0.png
11.9884733246528,45.8368167390198,"2017",Presepio Missionario - Santuario Madonna della Rocca - Cornuda (TV),,,https://youtu.be/0FlWceoXl-w,,,"2017",./0.png
11.7786702882634,45.3511972426139,"2022",Abano Terme - Hotel Salus - Halloween 2022,,,https://youtu.be/-x83KVCM-6s,,,"2022",./0.png
